{
  "rho": 0.014643728773744823,
  "df": 15,
  "kendall_tau": 0.009322820494528554,
  "n_pairs": 208224,
  "lmp_residual_std": 25.563112659878044,
  "gas_return_std_daily": 0.10596990294088951
}